{
  "Beauty_1_Page" : {
    "transaction" : "Beauty_1_Page",
    "sampleCount" : 598,
    "errorCount" : 0,
    "errorPct" : 0.0,
    "meanResTime" : 2147.0551839464874,
    "medianResTime" : 2059.0,
    "minResTime" : 1268.0,
    "maxResTime" : 13506.0,
    "pct1ResTime" : 2713.0,
    "pct2ResTime" : 3002.1,
    "pct3ResTime" : 4779.639999999996,
    "throughput" : 0.3320847760232571,
    "receivedKBytesPerSec" : 519.9964676078512,
    "sentKBytesPerSec" : 0.04151059700290713
  },
  "Expert_Page" : {
    "transaction" : "Expert_Page",
    "sampleCount" : 598,
    "errorCount" : 0,
    "errorPct" : 0.0,
    "meanResTime" : 1621.5501672240807,
    "medianResTime" : 1502.5,
    "minResTime" : 1071.0,
    "maxResTime" : 4995.0,
    "pct1ResTime" : 2135.0,
    "pct2ResTime" : 2358.1499999999996,
    "pct3ResTime" : 3393.2499999999973,
    "throughput" : 0.33202227103233384,
    "receivedKBytesPerSec" : 374.9863423178416,
    "sentKBytesPerSec" : 0.04117854337998672
  },
  "Total" : {
    "transaction" : "Total",
    "sampleCount" : 1795,
    "errorCount" : 0,
    "errorPct" : 0.0,
    "meanResTime" : 1985.7810584958233,
    "medianResTime" : 1857.0,
    "minResTime" : 1071.0,
    "maxResTime" : 13506.0,
    "pct1ResTime" : 2613.6000000000004,
    "pct2ResTime" : 2967.9999999999973,
    "pct3ResTime" : 4997.799999999997,
    "throughput" : 0.994265938166075,
    "receivedKBytesPerSec" : 1351.4252842901274,
    "sentKBytesPerSec" : 0.1187755299935968
  },
  "Mane_Page" : {
    "transaction" : "Mane_Page",
    "sampleCount" : 599,
    "errorCount" : 0,
    "errorPct" : 0.0,
    "meanResTime" : 2188.3989983305505,
    "medianResTime" : 1979.0,
    "minResTime" : 1349.0,
    "maxResTime" : 12961.0,
    "pct1ResTime" : 2896.0,
    "pct2ResTime" : 3510.0,
    "pct3ResTime" : 5342.0,
    "throughput" : 0.3317912517891248,
    "receivedKBytesPerSec" : 458.6559293777958,
    "sentKBytesPerSec" : 0.03628966816443552
  }
}